{
  "version": "0.2.0",
  "configurations": [
    {
      "name": "Debug Frontend (Vite)",
      "type": "node",
      "request": "launch",
      "program": "${workspaceFolder}/node_modules/.bin/vite",
      "args": ["--mode", "development"],
      "cwd": "${workspaceFolder}",
      "console": "integratedTerminal",
      "env": {
        "NODE_ENV": "development"
      },
      "skipFiles": ["<node_internals>/**"]
    },
    {
      "name": "Debug Backend (Node.js)",
      "type": "node",
      "request": "launch",
      "program": "${workspaceFolder}/server/index.js",
      "cwd": "${workspaceFolder}",
      "console": "integratedTerminal",
      "env": {
        "NODE_ENV": "development",
        "PORT": "3001"
      },
      "skipFiles": ["<node_internals>/**"],
      "restart": true,
      "runtimeExecutable": "nodemon",
      "runtimeArgs": ["--inspect"]
    },
    {
      "name": "Debug Database Setup",
      "type": "node",
      "request": "launch",
      "program": "${workspaceFolder}/database/setup.js",
      "cwd": "${workspaceFolder}",
      "console": "integratedTerminal",
      "env": {
        "NODE_ENV": "development"
      },
      "skipFiles": ["<node_internals>/**"]
    },
    {
      "name": "Debug Full Stack",
      "type": "node",
      "request": "launch",
      "program": "${workspaceFolder}/node_modules/.bin/concurrently",
      "args": [
        "\"npm run server:dev\"",
        "\"npm run client:dev\""
      ],
      "cwd": "${workspaceFolder}",
      "console": "integratedTerminal",
      "env": {
        "NODE_ENV": "development"
      },
      "skipFiles": ["<node_internals>/**"]
    }
  ],
  "compounds": [
    {
      "name": "Debug Frontend + Backend",
      "configurations": ["Debug Frontend (Vite)", "Debug Backend (Node.js)"]
    }
  ]
}