{
  "version": "2.0.0",
  "tasks": [
    {
      "label": "Install Dependencies",
      "type": "shell",
      "command": "npm install",
      "group": "build",
      "presentation": {
        "echo": true,
        "reveal": "always",
        "focus": false,
        "panel": "shared"
      },
      "problemMatcher": []
    },
    {
      "label": "Start Development Server",
      "type": "shell",
      "command": "npm run dev",
      "group": "build",
      "presentation": {
        "echo": true,
        "reveal": "always",
        "focus": false,
        "panel": "shared"
      },
      "problemMatcher": []
    },
    {
      "label": "Build for Production",
      "type": "shell",
      "command": "npm run build:prod",
      "group": "build",
      "presentation": {
        "echo": true,
        "reveal": "always",
        "focus": false,
        "panel": "shared"
      },
      "problemMatcher": []
    },
    {
      "label": "Setup Database",
      "type": "shell",
      "command": "npm run setup:db",
      "group": "build",
      "presentation": {
        "echo": true,
        "reveal": "always",
        "focus": false,
        "panel": "shared"
      },
      "problemMatcher": []
    },
    {
      "label": "Deploy to cPanel",
      "type": "shell",
      "command": "npm run deploy",
      "group": "build",
      "presentation": {
        "echo": true,
        "reveal": "always",
        "focus": false,
        "panel": "shared"
      },
      "problemMatcher": []
    },
    {
      "label": "Run Tests",
      "type": "shell",
      "command": "npm test",
      "group": "test",
      "presentation": {
        "echo": true,
        "reveal": "always",
        "focus": false,
        "panel": "shared"
      },
      "problemMatcher": []
    },
    {
      "label": "Lint Code",
      "type": "shell",
      "command": "npm run lint",
      "group": "build",
      "presentation": {
        "echo": true,
        "reveal": "always",
        "focus": false,
        "panel": "shared"
      },
      "problemMatcher": ["$eslint-stylish"]
    },
    {
      "label": "Fix Lint Issues",
      "type": "shell",
      "command": "npm run lint:fix",
      "group": "build",
      "presentation": {
        "echo": true,
        "reveal": "always",
        "focus": false,
        "panel": "shared"
      },
      "problemMatcher": []
    },
    {
      "label": "Database Backup",
      "type": "shell",
      "command": "npm run backup",
      "group": "build",
      "presentation": {
        "echo": true,
        "reveal": "always",
        "focus": false,
        "panel": "shared"
      },
      "problemMatcher": []
    }
  ]
}